<?xml version='1.0' encoding='UTF-8'?>
<root>
 <tabbed_widget name="Main Window" parent="main_window">
  <Tab containers="1" tab_name="tab1">
   <Container>
    <DockSplitter sizes="0.25641;0.74359" count="2" orientation="-">
     <DockSplitter sizes="0.250381;0.249619;0.250381;0.249619" count="4" orientation="|">
      <DockArea name="...">
       <plot flip_x="false" flip_y="false" style="Lines" mode="TimeSeries">
        <range top="3.638750" right="1659411598.142446" left="1659411544.143676" bottom="-0.088750"/>
        <limitY/>
        <curve name="/grf_R/top_Med" color="#d62728"/>
       </plot>
      </DockArea>
      <DockArea name="...">
       <plot flip_x="false" flip_y="false" style="Lines" mode="TimeSeries">
        <range top="3.977000" right="1659411598.142446" left="1659411544.143676" bottom="-0.097000"/>
        <limitY/>
        <curve name="/grf_R/top_mid" color="#1ac938"/>
       </plot>
      </DockArea>
      <DockArea name="...">
       <plot flip_x="false" flip_y="false" style="Lines" mode="TimeSeries">
        <range top="4.417750" right="1659411598.142446" left="1659411544.143676" bottom="-0.107750"/>
        <limitY/>
        <curve name="/grf_R/top_midlat" color="#f14cc1"/>
       </plot>
      </DockArea>
      <DockArea name="...">
       <plot flip_x="false" flip_y="false" style="Lines" mode="TimeSeries">
        <range top="2.480500" right="1659411598.142446" left="1659411544.143676" bottom="-0.060500"/>
        <limitY/>
        <curve name="/grf_R/top_lat" color="#1f77b4"/>
       </plot>
      </DockArea>
     </DockSplitter>
     <DockSplitter sizes="0.249619;0.251142;0.249619;0.249619" count="4" orientation="|">
      <DockSplitter sizes="0.333333;0.333333;0.333333" count="3" orientation="-">
       <DockArea name="...">
        <plot flip_x="false" flip_y="false" style="Lines" mode="TimeSeries">
         <range top="0.850750" right="1659411598.142446" left="1659411544.143676" bottom="-0.020750"/>
         <limitY/>
         <curve name="/grf_R/midtop_Med" color="#9467bd"/>
        </plot>
       </DockArea>
       <DockArea name="...">
        <plot flip_x="false" flip_y="false" style="Lines" mode="TimeSeries">
         <range top="1.722000" right="1659411598.142446" left="1659411544.143676" bottom="-0.042000"/>
         <limitY/>
         <curve name="/grf_R/mid_Med" color="#9467bd"/>
        </plot>
       </DockArea>
       <DockArea name="...">
        <plot flip_x="false" flip_y="false" style="Lines" mode="TimeSeries">
         <range top="6.836750" right="1659411598.142446" left="1659411544.143676" bottom="-0.166750"/>
         <limitY/>
         <curve name="/grf_R/midbot_Med" color="#1ac938"/>
        </plot>
       </DockArea>
      </DockSplitter>
      <DockSplitter sizes="0.333333;0.333333;0.333333" count="3" orientation="-">
       <DockArea name="...">
        <plot flip_x="false" flip_y="false" style="Lines" mode="TimeSeries">
         <range top="0.830250" right="1659411598.142446" left="1659411544.143676" bottom="-0.020250"/>
         <limitY/>
         <curve name="/grf_R/midtop_mid" color="#17becf"/>
        </plot>
       </DockArea>
       <DockArea name="...">
        <plot flip_x="false" flip_y="false" style="Lines" mode="TimeSeries">
         <range top="2.029500" right="1659411598.142446" left="1659411544.143676" bottom="-0.049500"/>
         <limitY/>
         <curve name="/grf_R/mid_mid" color="#d62728"/>
        </plot>
       </DockArea>
       <DockArea name="...">
        <plot flip_x="false" flip_y="false" style="Lines" mode="TimeSeries">
         <range top="4.602250" right="1659411598.142446" left="1659411544.143676" bottom="-0.112250"/>
         <limitY/>
         <curve name="/grf_R/midbot_lat" color="#ff7f0e"/>
        </plot>
       </DockArea>
      </DockSplitter>
      <DockSplitter sizes="0.333333;0.333333;0.333333" count="3" orientation="-">
       <DockArea name="...">
        <plot flip_x="false" flip_y="false" style="Lines" mode="TimeSeries">
         <range top="15.754250" right="1659411598.142446" left="1659411544.143676" bottom="-0.384250"/>
         <limitY/>
         <curve name="/grf_R/midtop_midlat" color="#bcbd22"/>
        </plot>
       </DockArea>
       <DockArea name="...">
        <plot flip_x="false" flip_y="false" style="Lines" mode="TimeSeries">
         <range top="3.454250" right="1659411598.142446" left="1659411544.143676" bottom="-0.084250"/>
         <limitY/>
         <curve name="/grf_R/mid_latDO" color="#17becf"/>
        </plot>
       </DockArea>
       <DockArea name="...">
        <plot flip_x="false" flip_y="false" style="Lines" mode="TimeSeries">
         <range top="1.055750" right="1659411598.142446" left="1659411544.143676" bottom="-0.025750"/>
         <limitY/>
         <curve name="/grf_R/bot_Med" color="#ff7f0e"/>
        </plot>
       </DockArea>
      </DockSplitter>
      <DockSplitter sizes="0.333333;0.333333;0.333333" count="3" orientation="-">
       <DockArea name="...">
        <plot flip_x="false" flip_y="false" style="Lines" mode="TimeSeries">
         <range top="16.492250" right="1659411598.142446" left="1659411544.143676" bottom="-0.402250"/>
         <limitY/>
         <curve name="/grf_R/midtop_lat" color="#1f77b4"/>
        </plot>
       </DockArea>
       <DockArea name="...">
        <plot flip_x="false" flip_y="false" style="Lines" mode="TimeSeries">
         <range top="27.234250" right="1659411598.142446" left="1659411544.143676" bottom="-0.664250"/>
         <limitY/>
         <curve name="/grf_R/mid_latUP" color="#1f77b4"/>
        </plot>
       </DockArea>
       <DockArea name="...">
        <plot flip_x="false" flip_y="false" style="Lines" mode="TimeSeries">
         <range top="0.850750" right="1659411598.142446" left="1659411544.143676" bottom="-0.020750"/>
         <limitY/>
         <curve name="/grf_R/bot_lat" color="#f14cc1"/>
        </plot>
       </DockArea>
      </DockSplitter>
     </DockSplitter>
    </DockSplitter>
   </Container>
  </Tab>
  <currentTabIndex index="0"/>
 </tabbed_widget>
 <use_relative_time_offset enabled="0"/>
 <!-- - - - - - - - - - - - - - - -->
 <!-- - - - - - - - - - - - - - - -->
 <Plugins>
  <plugin ID="DataLoad CSV">
   <default delimiter="0" time_axis=""/>
  </plugin>
  <plugin ID="DataLoad ROS bags">
   <use_header_stamp value="false"/>
   <discard_large_arrays value="true"/>
   <max_array_size value="100"/>
   <boolean_strings_to_number value="true"/>
   <remove_suffix_from_strings value="true"/>
  </plugin>
  <plugin ID="DataLoad ULog"/>
  <plugin ID="ROS Topic Subscriber">
   <use_header_stamp value="false"/>
   <discard_large_arrays value="true"/>
   <max_array_size value="100"/>
   <boolean_strings_to_number value="true"/>
   <remove_suffix_from_strings value="true"/>
  </plugin>
  <plugin ID="UDP Server"/>
  <plugin ID="WebSocket Server"/>
  <plugin ID="Fast Fourier Transform"/>
  <plugin ID="Quaternion to RPY"/>
  <plugin ID="Reactive Script Editor">
   <library code="--[[ Helper function to create a series from arrays&#xa;&#xa; new_series: a series previously created with ScatterXY.new(name)&#xa; prefix:     prefix of the timeseries, before the index of the array&#xa; suffix_X:   suffix to complete the name of the series containing the X value. If [nil], use the index of the array.&#xa; suffix_Y:   suffix to complete the name of the series containing the Y value&#xa; timestamp:   usually the tracker_time variable&#xa;              &#xa; Example:&#xa; &#xa; Assuming we have multiple series in the form:&#xa; &#xa;   /trajectory/node.{X}/position/x&#xa;   /trajectory/node.{X}/position/y&#xa;   &#xa; where {N} is the index of the array (integer). We can create a reactive series from the array with:&#xa; &#xa;   new_series = ScatterXY.new(&quot;my_trajectory&quot;) &#xa;   CreateSeriesFromArray( new_series, &quot;/trajectory/node&quot;, &quot;position/x&quot;, &quot;position/y&quot;, tracker_time );&#xa;--]]&#xa;&#xa;function CreateSeriesFromArray( new_series, prefix, suffix_X, suffix_Y, timestamp )&#xa;  &#xa;  --- clear previous values&#xa;  new_series:clear()&#xa;  &#xa;  --- Append points to new_series&#xa;  index = 0&#xa;  while(true) do&#xa;&#xa;    x = index;&#xa;    -- if not nil, get the X coordinate from a series&#xa;    if suffix_X ~= nil then &#xa;      series_x = TimeseriesView.find( string.format( &quot;%s.%d/%s&quot;, prefix, index, suffix_X) )&#xa;      if series_x == nil then break end&#xa;      x = series_x:atTime(timestamp)&#x9; &#xa;    end&#xa;    &#xa;    series_y = TimeseriesView.find( string.format( &quot;%s.%d/%s&quot;, prefix, index, suffix_Y) )&#xa;    if series_y == nil then break end &#xa;    y = series_y:atTime(timestamp)&#xa;    &#xa;    new_series:push_back(x,y)&#xa;    index = index+1&#xa;  end&#xa;end&#xa;&#xa;--[[ Similar to the built-in function GetSeriesNames(), but select only the names with a give prefix. --]]&#xa;&#xa;function GetSeriesNamesByPrefix(prefix)&#xa;  -- GetSeriesNames(9 is a built-in function&#xa;  all_names = GetSeriesNames()&#xa;  filtered_names = {}&#xa;  for i, name in ipairs(all_names)  do&#xa;    -- check the prefix&#xa;    if name:find(prefix, 1, #prefix) then&#xa;      table.insert(filtered_names, name);&#xa;    end&#xa;  end&#xa;  return filtered_names&#xa;end&#xa;&#xa;--[[ Modify an existing series, applying offsets to all their X and Y values&#xa;&#xa; series: an existing timeseries, obtained with TimeseriesView.find(name)&#xa; delta_x: offset to apply to each x value&#xa; delta_y: offset to apply to each y value &#xa;  &#xa;--]]&#xa;&#xa;function ApplyOffsetInPlace(series, delta_x, delta_y)&#xa;  -- use C++ indeces, not Lua indeces&#xa;  for index=0, series:size()-1 do&#xa;    x,y = series:at(index)&#xa;    series:set(index, x + delta_x, y + delta_y)&#xa;  end&#xa;end&#xa;"/>
   <scripts/>
  </plugin>
  <plugin ID="CSV Exporter"/>
  <plugin ID="ROS /rosout Visualization"/>
  <plugin ID="ROS Topic Re-Publisher"/>
 </Plugins>
 <!-- - - - - - - - - - - - - - - -->
 <previouslyLoaded_Datafiles/>
 <previouslyLoaded_Streamer name="ROS Topic Subscriber"/>
 <!-- - - - - - - - - - - - - - - -->
 <customMathEquations/>
 <snippets/>
 <!-- - - - - - - - - - - - - - - -->
</root>

